Designator,Val,Package,Mid X,Mid Y,Rotation,Layer
BLM18AG601SZ1D1,Ferrite Bead,L_0603_1608Metric,137.795,-104.4824,270.0,bottom
C1,10pf,C_0402_1005Metric,135.6106,-112.395,0.0,bottom
C10,100nf,C_0402_1005Metric,136.0932,-116.2304,270.0,bottom
C11,100nF,C_0402_1005Metric,152.654,-132.842,-90.0,top
C12,100nf,C_0402_1005Metric,141.605,-100.838,90.0,bottom
C13,100nf,C_0402_1005Metric,144.018,-116.106,90.0,bottom
C14,10uf,C_0805_2012Metric,138.5824,-100.6856,180.0,bottom
C15,10uf,C_0805_2012Metric,143.4592,-112.014,180.0,bottom
C16,100nf,C_0402_1005Metric,141.732,-115.4684,270.0,bottom
C17,1μf,C_0402_1005Metric,134.9756,-124.46,180.0,top
C18,100nf,C_0402_1005Metric,134.9756,-125.73,180.0,top
C19,1μf,C_0402_1005Metric,130.781999,-120.141999,0.0,bottom
C2,10pf,C_0402_1005Metric,139.3444,-115.9002,270.0,bottom
C20,100nf,C_0402_1005Metric,130.782,-121.412,0.0,bottom
C21,100nf,C_0402_1005Metric,137.5664,-123.9012,90.0,bottom
C22,10μf,C_0805_2012Metric,157.226,-127.574001,-90.0,top
C23,100nf,C_0402_1005Metric,152.8572,-134.6708,0.0,bottom
C24,100nf,C_0402_1005Metric,151.61,-133.604,0.0,bottom
C25,100nf,C_0402_1005Metric,151.5872,-132.5372,0.0,bottom
C26,100nf,C_0402_1005Metric,150.368,-126.9492,180.0,top
C27,100nf,C_0402_1005Metric,154.94,-125.984,180.0,top
C28,1μf,C_0402_1005Metric,150.396,-125.73,180.0,top
C29,1μf,C_0402_1005Metric,154.8892,-124.9172,180.0,top
C3,100nf,C_0402_1005Metric,140.6144,-116.1796,270.0,bottom
C30,100nf,C_0402_1005Metric,143.51,-131.064,-90.0,top
C31,10nF X7R,C_0402_1005Metric,139.5476,-138.2776,90.0,bottom
C32,100nf,C_0402_1005Metric,144.78,-131.064,90.0,top
C33,1μf,C_0402_1005Metric,141.3256,-130.302,0.0,top
C34,10μf,C_0805_2012Metric,138.938,-121.92,90.0,top
C35,1μf,C_0402_1005Metric,142.0368,-117.6528,0.0,bottom
C36,100nf,C_0402_1005Metric,142.6464,-118.5672,0.0,bottom
C37,1μf,C_0402_1005Metric,140.462,-121.9708,270.0,bottom
C38,100nf,C_0402_1005Metric,141.5288,-121.7168,270.0,bottom
C39,100nF,C_0402_1005Metric,137.922,-92.583,90.0,top
C4,100nf,C_0402_1005Metric,136.525,-110.1598,90.0,bottom
C40,100nF,C_0402_1005Metric,149.606,-92.611,-90.0,top
C41,100nF,C_0402_1005Metric,157.5054,-88.011,180.0,bottom
C42,1μF,C_0402_1005Metric,157.5308,-86.9188,180.0,bottom
C43,100uF,CP_EIA-3528-21_Kemet-B,157.0228,-84.7598,0.0,bottom
C44,100nF,C_0402_1005Metric,152.653999,-73.18,90.0,top
C45,4.7uF,C_0603_1608Metric,151.13,-72.885,90.0,top
C46,10uf,C_0805_2012Metric,155.3464,-124.46,270.0,bottom
C47,100nf,C_0402_1005Metric,155.448,-121.666,90.0,bottom
C48,100nF,C_0402_1005Metric,151.607186,-97.820814,270.0,bottom
C49,100nf,C_0402_1005Metric,148.9964,-79.9084,270.0,bottom
C5,100nf,C_0402_1005Metric,141.605,-104.14,270.0,bottom
C50,22μf,C_0805_2012Metric,147.828,-93.98,0.0,bottom
C51,100nf,C_0402_1005Metric,147.358001,-95.758,180.0,bottom
C52,100nf,C_0402_1005Metric,146.177,-89.662,90.0,bottom
C53,10μf,C_0805_2012Metric,147.701,-90.17,270.0,bottom
C55,39pf,C_0402_1005Metric,140.7668,-84.6328,135.0,top
C56,33uf,C_0805_2012Metric,143.256,-76.835,180.0,bottom
C57,4.7nf,C_0402_1005Metric,141.6304,-83.7438,135.0,top
C58,33uf,C_0805_2012Metric,143.256,-79.756,180.0,bottom
C59,100nf,C_0402_1005Metric,139.7762,-87.2236,0.0,bottom
C6,100nf,C_0402_1005Metric,139.7,-104.14,270.0,bottom
C60,10nf,C_0402_1005Metric,133.4008,-80.0608,270.0,bottom
C61,10nf,C_0402_1005Metric,133.096,-84.6582,180.0,bottom
C62,10uf,C_0805_2012Metric,139.7508,-80.137,0.0,bottom
C7,100nf,C_0402_1005Metric,139.3444,-117.9068,90.0,bottom
C8,2.2µf,C_0603_1608Metric,156.21,-112.268,0.0,top
C9,2.2µf,C_0603_1608Metric,147.574,-98.552,180.0,bottom
D1,LED,LED_0603_1608Metric,148.3614,-133.4008,0.0,top
D2,WS2812B-2020,LED_WS2812B-2020_PLCC4_2.0x2.0mm,138.43,-95.5548,0.0,top
D3,WS2812B-2020,LED_WS2812B-2020_PLCC4_2.0x2.0mm,148.59,-95.5548,0.0,top
D4,D_TVS,D_SOD-882,151.13,-68.834,90.0,top
D5,SS54,D_SMA,149.098,-78.105,90.0,top
D6,Buckdiode,D_SMA,145.5166,-86.6902,180.0,bottom
D7,SS54,D_SMA,136.0678,-77.6732,90.0,bottom
F1,BSMD1206-200-16V,Fuse_1206_3216Metric,135.9154,-71.755,270.0,bottom
FB1,LQG15HS27NJ02D,L_0402_1005Metric,143.002,-137.795,180.0,bottom
FB2,BLM18AG601SZ1D,L_0603_1608Metric,134.62,-118.872,-90.0,top
FB3,BLM21SN300SH1D,L_0805_2012Metric,149.098,-72.7475,90.0,top
J10,Battery Connector,AMASS_XT30U-F_1x02_P5.0mm_Vertical,130.302,-72.273,-90.0,top
J4,U.FL,U.FL_Hirose_U.FL-R-SMT-1_Vertical,143.51,-140.495,270.0,bottom
J5,SM10B-GHS-TB,JST_SM10B-GHS-TB,156.765,-83.0122,90.0,top
J6,Conn_ARM_JTAG_SWD_10,PinHeader_2x05_P1.27mm_Vertical,130.302,-109.855,90.0,top
J7,RFD900ux 3 Pin Power Select,CONN_BM03B-GHS-TBT_LF__SN__N_,156.715,-70.7136,90.0,top
J8,USB_C_Receptacle_USB2.0_16P,USB_C_Receptacle_GCT_USB4105-xx-A_16P_TopMnt_Horizontal,143.51,-66.985,180.0,top
J9,Micro_SD_Card_Det2,microSD_HC_Molex_104031-0811,153.391,-113.665,270.0,bottom
L1,Inductor 6.8uH,L_Coilcraft_XxL4030,147.4216,-75.1332,0.0,bottom
LS2,CPT-9019S-SMT,CUI_CPT-9019S-SMT,154.5336,-72.5424,0.0,bottom
Q1,AO3400A,SOT-23,134.848599,-84.2772,0.0,top
Q2,AO3400A,SOT-23,133.553199,-92.7354,0.0,top
R1,10k,R_0402_1005Metric,131.8006,-133.35,180.0,top
R10,470Ω,R_0402_1005Metric,143.51,-93.345,180.0,top
R11,5.1k,R_0402_1005Metric,146.05,-72.264999,-90.0,top
R12,5.1k,R_0402_1005Metric,140.97,-72.263,-90.0,top
R13,22ohm,R_0402_1005Metric,146.05,-75.184,-90.0,top
R14,22ohm,R_0402_1005Metric,140.97,-75.184,-90.0,top
R15,10k,R_0402_1005Metric,153.7208,-105.7148,270.0,bottom
R16,10k,R_0402_1005Metric,151.257,-121.539,90.0,bottom
R17,10k,R_0402_1005Metric,156.2608,-105.7148,90.0,bottom
R18,10k,R_0402_1005Metric,155.1178,-105.7148,90.0,bottom
R19,10k,R_0402_1005Metric,151.607186,-90.202813,90.0,bottom
R2,10k,R_0402_1005Metric,131.5212,-124.46,90.0,top
R20,10M,R_0603_1608Metric,153.86,-100.33,180.0,bottom
R21,10k,R_0402_1005Metric,155.222817,-87.853185,180.0,bottom
R22,10kΩ,R_0402_1005Metric,150.7236,-99.568,180.0,bottom
R23,330kΩ,R_0402_1005Metric,146.9136,-83.2632,90.0,bottom
R24,33kΩ 1% tol,R_0402_1005Metric,147.8788,-79.9084,270.0,bottom
R25,100kΩ,R_0402_1005Metric,145.4912,-84.4296,0.0,bottom
R26,10kohm,R_0402_1005Metric,141.605,-82.042,0.0,top
R27,1.91kohm,R_0402_1005Metric,140.2842,-80.6196,-90.0,top
R28,49.9kohm,R_0402_1005Metric,143.0528,-85.1408,135.0,top
R29,100kΩ,R_0603_1608Metric,139.4206,-76.9874,90.0,bottom
R3,10k,R_0402_1005Metric,130.81,-125.095,0.0,bottom
R30,33kΩ,R_0603_1608Metric,139.7762,-73.8886,90.0,bottom
R31,10kΩ,R_0402_1005Metric,133.3246,-88.0872,180.0,top
R32,100kΩ,R_0402_1005Metric,132.3848,-83.2612,90.0,top
R33,1kΩ,R_0402_1005Metric,133.6548,-81.3816,180.0,top
R34,56kΩ,R_0402_1005Metric,132.334,-79.9338,90.0,top
R35,10kΩ,R_0402_1005Metric,135.2804,-96.3168,180.0,top
R36,100kΩ,R_0402_1005Metric,131.6736,-94.615,-90.0,top
R37,1kΩ,R_0402_1005Metric,132.8928,-95.7072,90.0,top
R38,56kΩ,R_0402_1005Metric,131.5466,-96.7994,-90.0,top
R4,10k,R_0402_1005Metric,138.1252,-120.7008,270.0,bottom
R5,10k,R_0402_1005Metric,150.876,-128.779999,90.0,top
R6,10k,R_0402_1005Metric,140.892805,-127.506001,90.0,top
R7,"10ohm, 0.25W",R_1206_3216Metric,135.382,-132.8928,270.0,bottom
R8,1k,R_0603_1608Metric,147.1422,-135.509,0.0,top
R9,10k,R_0402_1005Metric,144.8308,-124.2568,0.0,bottom
SW1,BOOT BUTTON,SW_SPST_PTS810,133.35,-135.89,180.0,top
SW2,SW_Push,SW_SPST_PTS810,153.2636,-135.8392,0.0,top
U1,STM32F407VGTx,LQFP-100_14x14mm_P0.5mm,143.51,-109.728,315.0,top
U10,W25Q128JVS,SOIC-8_5.3x5.3mm_P1.27mm,155.163185,-94.010815,180.0,bottom
U12,TPS2121,IC_TPS2121RUXR,148.9602,-82.5952,270.0,bottom
U13,TPS54331DR,SOIC127P599X175-8N,137.795,-83.947,90.0,bottom
U14,AMS1117-3.3,SOT-223-3_TabPin2,141.4139,-93.548199,90.0,bottom
U2,MS5611-01BA,LGA-8_3x5mm_P1.25mm,133.604,-128.27,180.0,top
U3,BMI088,Bosch_LGA-16_4.5x3mm_P0.5mm_LayoutBorder7x1y_ClockwisePinNumbering,134.874,-121.412,180.0,bottom
U4,MMC5983MA,PQFN50P300X300X100-16N,153.7208,-128.27,270.0,top
U5,MAX-M10S,ublox_MAX,143.51,-131.445,180.0,bottom
U6,BMP388,BMP388,143.51,-128.27,270.0,top
U7,LSM6DSM,LGA-14_3x2.5mm_P0.5mm_LayoutBorder3x4y,144.526,-120.904,90.0,bottom
U8,74LVC1G125,SOT-23-5,143.51,-96.139,0.0,top
U9,WE-TVS-82400102,SOT-23-6,143.51,-74.168,180.0,top
Y1,8MHz Crystal,Crystal_SMD_3225-4Pin_3.2x2.5mm,138.684,-112.9792,180.0,bottom
